User-ID,ISBN,Rating,Author,Gender
1,3377,9,958,1
2,2723,5,571,0
2,1305,10,263,1
2,1810,10,930,1
4,710,5,887,0
4,128,5,1142,1
4,3871,5,1031,1
4,3102,4,1173,1
6,3603,6,324,1
7,3566,10,521,0
8,3157,9,321,1
8,2600,3,780,0
8,2591,5,780,0
8,610,10,534,1
9,1417,10,1181,1
11,3203,6,79,0
11,3813,9,669,1
11,3871,6,1031,1
12,3339,8,1025,1
12,3864,7,1123,0
13,1508,9,735,1
13,1009,3,276,1
14,3560,9,709,0
14,888,8,1130,0
14,3109,9,1165,1
15,3078,7,864,0
16,310,10,1117,1
16,1191,10,1151,0
17,2131,10,1079,1
17,948,10,449,0
17,2247,8,747,0
17,3964,10,1073,1
18,1683,3,824,0
19,3892,10,1120,0
20,3923,8,585,0
20,3337,10,1302,1
20,3944,5,513,1
21,1303,9,835,0
22,993,7,1098,1
22,435,5,408,0
22,3572,7,1096,0
22,3354,5,618,1
23,1759,7,930,1
23,2603,10,321,1
23,32,8,859,0
23,1154,8,221,1
23,1180,10,221,1
23,1711,7,1239,1
23,3595,8,369,1
23,2825,5,835,0
24,743,2,1301,1
24,1108,5,386,0
25,3874,8,33,1
25,227,6,230,1
25,3578,7,1160,1
25,2048,10,539,1
25,141,10,761,0
26,3955,5,513,1
26,3429,1,397,1
26,3872,8,33,1
26,3949,5,513,1
27,1327,9,240,1
27,2606,8,275,1
27,2189,9,201,1
27,3777,8,413,1
27,3318,7,505,1
27,2042,7,175,1
27,342,7,523,0
27,409,9,100,1
27,2124,8,138,0
29,2045,10,931,1
29,3285,10,252,1
29,879,9,938,0
29,2048,8,539,1
29,1933,10,1120,0
29,1996,10,931,1
29,268,5,980,0
31,152,9,1234,1
31,632,7,79,0
31,2822,8,255,0
31,3615,7,905,1
31,1898,9,353,0
31,1455,7,1193,0
31,2783,10,318,0
31,1277,8,1046,1
33,58,9,1030,0
33,447,9,888,0
33,2124,7,138,0
33,3825,7,206,1
34,1143,9,1195,0
34,2135,10,212,0
35,1720,9,630,1
35,2465,7,788,0
35,3657,8,173,0
35,1163,9,845,0
35,683,7,84,0
35,487,8,585,0
36,312,10,1117,1
36,823,8,1149,0
36,1282,8,835,0
36,3359,10,283,1
36,3384,10,514,1
36,321,10,185,0
36,2003,10,931,1
37,3938,10,585,0
38,2474,8,674,0
38,1236,8,930,1
39,568,8,68,0
39,525,9,290,1
41,57,9,439,1
41,3651,10,1259,1
41,2807,7,1221,1
41,1282,10,835,0
41,2726,7,486,0
43,4030,10,973,1
45,663,9,832,1
47,405,9,301,0
49,1486,7,292,1
49,1786,7,630,1
49,3371,5,1075,1
52,3944,6,513,1
52,562,7,290,1
52,3363,6,1050,1
53,2277,7,1173,1
54,3189,8,345,0
56,2702,7,1267,0
57,2645,4,1228,1
57,309,10,410,1
58,659,4,898,0
58,1265,7,737,0
58,694,5,79,0
59,1262,7,630,1
59,1016,4,380,0
59,2166,8,993,1
59,3174,3,91,0
59,1302,8,630,1
59,3062,8,430,0
59,1892,8,1056,1
59,2964,7,47,0
59,3799,10,1251,1
59,2951,8,484,0
59,3506,8,536,1
59,3141,7,321,1
59,1690,8,1,0
59,1154,10,221,1
59,4030,10,973,1
59,2386,9,947,0
59,2115,5,539,1
59,1,5,992,1
59,2410,9,828,0
59,2164,8,524,1
59,1991,10,1120,0
59,1426,8,938,0
59,3379,8,966,0
59,2280,8,1173,1
59,852,8,167,0
59,106,8,923,0
59,1407,10,938,0
59,446,7,602,1
59,3674,9,50,0
59,1172,8,923,0
59,3994,8,707,0
59,133,8,439,1
59,681,10,633,1
59,1759,1,930,1
59,1041,8,977,1
59,2614,5,317,0
59,1943,6,1120,0
59,2038,10,1120,0
59,2568,10,563,0
59,333,8,545,1
59,87,9,132,1
59,3652,2,1309,1
59,4032,1,834,1
59,2476,7,1265,0
59,228,9,84,0
59,1574,8,1082,1
59,3237,7,972,1
59,267,9,887,0
59,83,8,902,0
59,1825,10,702,0
59,1099,7,132,1
59,3303,8,125,1
59,1237,10,243,0
59,2194,8,386,0
59,1751,9,243,0
59,1276,8,430,0
59,1280,9,827,1
59,3160,6,678,0
59,2963,6,547,0
59,3662,6,1018,0
59,39,8,883,0
59,1000,8,1277,1
59,162,7,1006,1
59,307,5,320,1
59,1918,10,1120,0
59,1901,6,1268,1
59,2391,8,1187,1
59,559,8,539,1
59,1492,8,292,1
59,3530,10,544,1
59,255,10,714,0
59,1797,8,985,0
59,3496,8,30,1
59,2841,8,732,0
59,3973,9,78,0
59,1372,9,50,0
59,3390,7,668,0
59,3528,8,576,1
59,1307,8,501,1
59,352,10,562,0
59,766,10,1301,1
59,3970,7,933,1
59,646,6,83,0
59,3402,8,664,0
59,1624,8,752,1
59,2315,6,918,0
59,1217,7,923,0
59,567,10,290,1
59,301,9,410,1
59,2537,9,938,0
59,2168,9,524,1
59,2727,6,486,0
59,1989,8,1120,0
59,3257,5,1233,1
59,2124,10,138,0
59,331,8,545,1
59,4050,8,1209,1
59,1489,8,292,1
59,802,10,907,1
59,2781,5,938,0
59,3708,9,172,0
59,3955,9,513,1
59,2358,8,1233,1
59,2110,7,1139,1
59,2015,9,539,1
59,1849,8,511,0
59,3680,8,50,0
59,367,9,1243,1
59,569,8,68,0
59,2819,10,819,0
59,229,7,84,0
59,2945,6,484,0
59,605,10,79,0
59,3473,6,864,0
59,1964,8,924,1
59,958,8,258,1
59,781,7,633,1
59,2089,10,142,1
59,1755,7,828,0
59,148,8,1142,1
59,886,10,938,0
59,1290,8,505,1
59,2432,8,145,1
59,73,8,463,0
59,116,8,946,1
59,1447,8,966,0
59,2645,8,1228,1
59,1210,8,486,0
59,1311,5,739,0
59,322,9,1087,1
59,3668,8,50,0
59,3080,8,781,0
59,1573,5,967,0
59,2764,4,1189,0
59,2558,4,599,0
59,2752,8,486,0
59,661,8,1002,1
59,1816,8,630,1
61,3871,2,1031,1
61,1729,6,630,1
62,3756,6,823,0
62,248,8,562,0
62,3800,9,1249,1
62,3594,9,369,1
62,2797,7,11,0
62,3846,10,417,0
63,1145,8,923,0
65,1551,8,1082,1
65,697,8,83,0
65,1128,9,615,0
65,1089,8,615,0
66,2451,4,683,0
68,3110,8,263,1
68,2124,9,138,0
69,1500,8,292,1
69,2541,7,938,0
69,1071,10,566,0
69,2554,8,938,0
69,914,8,938,0
69,2087,7,180,0
69,3287,8,83,0
69,1128,10,615,0
69,1185,9,615,0
69,1127,7,615,0
69,894,8,1130,0
70,1603,8,25,0
70,3647,6,841,0
71,31,7,629,1
71,58,10,1030,0
71,2108,9,539,1
71,3859,6,92,0
76,5,9,662,0
76,3612,8,782,0
76,543,9,68,0
77,617,10,15,0
77,1345,10,83,0
78,1501,5,1082,1
78,2913,5,721,0
79,45,7,135,1
81,567,9,290,1
82,3126,7,1173,1
83,460,3,368,0
83,2881,8,952,0
84,3062,10,430,0
84,1773,9,1097,0
86,3208,7,194,0
88,3362,8,506,1
88,2671,8,708,0
88,365,10,420,1
88,1729,7,630,1
88,402,9,899,0
88,537,8,554,0
89,3432,7,397,1
89,253,8,391,0
89,2154,7,644,1
89,3403,9,1045,1
89,2768,6,656,1
89,3352,9,1115,0
89,2741,2,1213,0
89,3174,9,91,0
89,2398,4,121,1
89,2080,5,1120,0
89,2928,8,252,1
89,3580,9,606,0
89,719,8,252,1
89,1467,5,292,1
89,710,7,887,0
89,730,5,633,1
89,2644,8,255,0
89,3986,9,933,1
89,1617,6,1082,1
89,2005,8,931,1
89,2795,5,938,0
89,37,9,84,0
89,2117,8,539,1
89,20,8,1059,1
89,2387,10,896,0
90,3798,10,1252,1
90,3517,8,612,0
90,3807,10,1252,1
90,1932,10,1139,1
92,2753,9,1151,0
92,2889,9,1151,0
93,3808,8,1251,1
93,3806,7,1251,1
94,1664,6,866,0
96,3049,8,1173,1
96,3256,5,633,1
96,1228,8,1239,1
97,3706,10,805,0
97,2821,4,577,1
97,1389,2,967,0
98,208,6,113,0
100,1149,8,350,0
101,1656,7,231,1
101,623,8,961,1
101,830,9,1173,1
102,3037,8,410,1
102,426,5,1280,0
102,978,8,162,0
103,2504,7,780,0
104,2574,9,938,0
105,2119,7,886,0
105,1554,9,292,1
105,1992,9,278,1
105,3127,7,576,1
105,1629,7,292,1
107,3740,10,1231,1
108,2686,10,565,0
108,1304,8,480,1
108,3126,7,1173,1
108,455,7,368,0
108,2480,5,1265,0
108,385,9,646,1
108,2614,8,317,0
108,978,8,162,0
108,570,10,68,0
108,3144,8,87,0
108,462,8,888,0
108,1327,8,240,1
108,1569,7,967,0
108,1261,10,869,0
108,573,8,68,0
108,396,10,646,1
108,699,5,887,0
108,3129,9,588,0
109,3553,8,263,1
111,3861,1,92,0
111,1254,8,1104,0
112,2290,8,726,1
112,95,7,1030,0
112,2727,8,486,0
115,3359,10,283,1
115,2290,9,726,1
115,1968,9,540,1
115,662,10,815,0
117,2047,10,924,1
117,131,4,439,1
120,1817,8,453,1
120,984,8,723,0
121,2057,7,931,1
121,86,7,1320,0
121,646,9,83,0
121,1285,10,835,0
121,3118,7,783,0
122,797,10,502,1
122,1209,8,706,0
122,385,8,646,1
122,817,10,502,1
122,1455,6,1193,0
122,275,10,96,1
122,1745,5,630,1
122,1728,9,1100,0
122,865,10,477,1
122,539,8,628,1
122,3386,9,376,1
122,2667,10,330,0
122,424,8,1280,0
122,3350,10,1222,1
122,1264,8,759,0
122,699,7,887,0
122,1948,8,1068,1
123,2443,5,334,0
125,2035,8,539,1
125,1835,9,836,0
125,2809,9,268,1
126,897,7,487,0
126,563,10,290,1
126,817,10,502,1
126,3526,8,781,0
129,1343,9,970,1
130,3416,10,1173,1
130,1359,5,941,1
130,1816,5,630,1
130,1309,5,630,1
130,830,10,1173,1
130,2324,5,887,0
132,2570,9,938,0
134,2470,10,1265,0
134,2990,8,118,0
135,3249,10,40,0
135,3186,9,40,0
138,1714,10,828,0
139,1726,8,828,0
141,3318,10,505,1
141,2082,8,539,1
141,2102,9,1120,0
141,719,8,252,1
141,1507,10,25,0
141,1382,9,1150,0
143,972,9,10,0
143,3879,8,33,1
144,1331,8,8,0
145,849,6,507,1
145,3550,8,676,0
145,1826,5,243,0
146,2296,8,997,1
149,927,7,180,0
150,571,10,68,0
150,1280,5,827,1
150,3939,10,1318,0
151,2035,10,539,1
151,1627,10,966,0
151,718,8,292,1
154,2470,10,1265,0
155,3808,9,1251,1
155,58,7,1030,0
155,2822,8,255,0
155,3801,8,1252,1
155,2231,9,726,1
156,16,10,845,0
156,3387,9,231,1
156,1307,10,501,1
157,298,4,410,1
158,3130,10,588,0
161,3583,8,550,0
161,2399,8,916,0
162,1305,8,263,1
162,2913,8,721,0
162,1169,7,1194,0
162,3532,8,783,0
162,500,7,1255,0
163,1745,7,630,1
163,3372,7,958,1
164,2706,8,332,0
164,313,7,1285,1
164,592,8,434,1
164,291,7,1306,1
164,2426,7,459,1
164,662,6,815,0
164,1682,7,1119,1
165,2464,8,197,0
165,1286,8,505,1
165,3592,10,36,1
165,2379,6,828,0
166,58,8,1030,0
166,2215,8,1189,0
166,753,5,796,1
166,251,8,714,0
166,277,9,429,1
166,738,7,321,1
167,899,8,804,0
167,888,8,1130,0
168,1718,10,1127,0
168,1420,10,1189,0
168,700,8,1294,0
168,3691,10,1189,0
168,2245,8,551,0
168,3674,9,50,0
169,2184,7,840,0
171,395,9,559,1
172,95,10,1030,0
172,731,9,1301,1
172,2572,7,316,0
172,1720,8,630,1
172,3078,7,864,0
172,1114,5,386,0
173,2822,7,255,0
173,3796,8,1252,1
174,2797,10,11,0
176,3380,9,966,0
176,3466,5,864,0
176,2623,10,828,0
176,3439,10,1156,0
176,51,10,1156,0
176,621,8,1197,0
176,1401,10,643,1
176,3396,10,864,0
176,2051,10,539,1
176,2050,7,1120,0
176,1421,10,643,1
176,3405,9,864,0
177,1828,9,1275,0
178,2550,10,658,1
179,605,8,79,0
180,2320,10,292,1
180,1700,10,864,0
180,720,10,252,1
180,1131,10,1009,1
180,2265,10,1173,1
180,2337,9,1173,1
180,1054,10,131,0
180,3488,10,864,0
180,3512,10,864,0
180,3078,10,864,0
180,2297,10,1173,1
180,744,10,292,1
180,3525,10,1173,1
180,1476,10,1173,1
180,2195,10,375,0
180,1468,10,292,1
180,3260,10,864,0
181,2379,8,828,0
181,2466,8,584,0
182,2695,5,633,1
186,1866,8,923,0
186,3717,8,1069,1
188,2137,9,192,0
188,3171,9,40,0
189,2343,8,1173,1
190,3132,7,1173,1
190,2279,8,1173,1
190,2335,10,546,0
190,3159,9,626,1
190,1309,7,630,1
191,1846,10,378,0
193,3825,10,206,1
193,3796,2,1252,1
194,770,9,958,1
194,405,7,301,0
195,4039,10,125,1
197,840,5,1217,0
197,3126,10,1173,1
197,2051,10,539,1
197,1468,5,292,1
197,2260,10,1173,1
197,1503,4,292,1
197,1465,6,292,1
197,744,5,292,1
198,3191,7,676,0
198,992,8,214,1
198,835,8,1191,0
199,3221,7,864,0
199,2211,7,82,0
199,3949,9,513,1
199,1957,3,384,0
199,1999,7,386,0
199,3075,7,864,0
199,1881,10,395,1
199,1338,2,485,0
199,3805,8,1252,1
199,2291,8,1173,1
199,3322,6,656,1
199,1480,7,292,1
199,3243,8,612,0
199,2187,7,813,0
199,103,7,298,0
200,278,10,1055,1
201,1671,8,735,1
201,3804,9,1252,1
201,3859,8,92,0
201,1722,8,501,1
203,992,10,214,1
203,3852,8,394,1
205,1842,9,427,1
205,3956,5,513,1
205,1660,5,1189,0
205,3692,5,1189,0
205,3657,5,173,0
205,2086,8,931,1
206,1240,7,930,1
206,1020,3,1012,0
206,58,9,1030,0
207,3662,10,1018,0
207,1252,9,735,1
209,740,8,257,1
209,688,10,633,1
210,1202,8,217,0
210,2864,10,484,0
212,3878,8,246,1
212,1397,8,1159,0
212,3942,8,277,1
214,992,10,214,1
214,177,7,79,0
214,3651,8,1259,1
214,3381,8,966,0
215,1265,10,737,0
215,1759,8,930,1
215,3374,9,1003,1
215,347,9,1204,0
215,1285,7,835,0
216,2077,5,539,1
216,2749,8,1189,0
216,717,8,292,1
216,2306,7,1173,1
216,2304,10,1173,1
216,646,5,83,0
216,1189,9,221,1
216,524,10,122,1
216,3954,5,513,1
217,652,9,1011,1
217,1072,7,152,1
218,2073,5,278,1
218,3821,5,399,1
218,3768,10,137,1
218,2740,10,1281,1
218,3505,5,625,1
218,1094,5,386,0
219,2936,7,151,1
219,3749,9,948,1
220,3582,8,492,0
220,3613,9,891,0
221,1284,5,630,1
221,1720,5,630,1
224,1518,8,1256,1
224,2043,8,539,1
224,463,10,41,0
226,4011,10,950,1
228,869,7,938,0
229,2282,7,614,1
230,2915,10,741,0
232,978,6,162,0
232,2147,6,1189,0
232,2108,6,539,1
233,432,10,1051,1
233,1269,9,630,1
233,2554,10,938,0
233,2592,7,938,0
234,3763,10,137,1
234,3542,10,676,0
234,1954,10,838,0
235,2277,8,1173,1
235,1397,8,1159,0
235,166,8,1247,1
235,671,7,887,0
235,3578,8,1160,1
235,3477,9,520,0
236,4060,5,45,1
237,478,6,886,0
237,831,7,1264,0
237,3662,5,1018,0
240,3072,9,176,1
240,1827,9,630,1
240,1014,8,53,1
241,1341,7,557,1
244,3747,10,1042,1
245,93,9,859,0
245,3872,9,33,1
245,1376,10,780,0
245,1014,8,53,1
245,1249,7,39,0
245,3031,9,559,1
246,2063,8,539,1
246,1796,9,501,1
246,3261,5,864,0
249,959,8,1174,1
249,2080,8,1120,0
249,2390,10,1131,0
249,1302,4,630,1
249,1392,3,1082,1
250,2135,6,212,0
250,3494,7,359,0
250,1016,8,380,0
252,3007,9,517,1
252,316,8,646,1
254,504,9,585,0
256,3125,8,753,1
256,1892,9,1056,1
256,166,9,1247,1
256,647,9,526,1
259,3942,5,277,1
259,465,7,653,1
259,417,9,1317,0
260,2874,8,1016,0
260,3738,9,948,1
260,1843,10,958,1
261,869,8,938,0
262,1759,9,930,1
262,2332,9,1183,1
262,2960,9,292,1
262,2971,7,802,0
262,2223,10,1189,0
263,3748,10,1069,1
264,2862,7,960,1
265,2678,7,644,1
265,1817,9,453,1
265,1745,9,630,1
265,1504,8,292,1
265,2724,8,644,1
265,1489,8,292,1
266,110,8,370,1
266,1220,8,923,0
267,626,7,1009,1
268,2725,8,938,0
268,1373,5,1256,1
268,1690,10,1,0
268,1827,9,630,1
269,3113,7,783,0
270,2147,5,1189,0
272,2042,6,175,1
272,3323,6,171,1
273,133,9,439,1
273,3598,8,369,1
273,1963,5,1068,1
273,1308,9,881,1
274,2646,10,530,1
275,1064,8,132,1
278,2972,7,802,0
278,1450,8,643,1
282,902,9,938,0
284,2202,8,1189,0
284,2215,8,1189,0
284,2208,8,1189,0
284,3757,6,10,0
284,1091,1,300,1
285,2238,10,239,0
285,1703,10,828,0
286,982,10,377,1
288,3315,9,83,0
288,3295,9,83,0
288,3817,8,219,0
289,3776,10,137,1
290,670,5,825,0
290,543,9,68,0
290,3747,7,1042,1
290,3425,7,1045,1
291,2113,10,1122,0
292,922,5,916,0
292,1885,8,1084,1
292,2743,7,914,0
293,394,8,1161,1
293,2522,6,780,0
293,730,7,633,1
293,1180,5,221,1
293,1827,6,630,1
294,2505,10,83,0
294,1266,9,501,1
294,1724,10,254,0
294,3283,8,887,0
294,779,10,825,0
295,516,8,1166,1
295,1640,8,966,0
295,2412,8,887,0
295,3095,7,518,0
295,3528,8,576,1
295,781,8,633,1
296,2266,10,1173,1
297,3110,10,263,1
298,276,10,630,1
298,1298,8,501,1
299,372,5,546,0
300,1305,9,263,1
300,224,7,578,1
302,3448,8,807,0
305,2835,8,922,1
305,3796,7,1252,1
306,1968,9,540,1
306,2669,9,546,0
306,651,10,12,0
306,3997,9,94,1
306,3524,8,1173,1
307,325,10,545,1
308,2262,5,1082,1
308,2063,9,539,1
308,2458,9,1173,1
308,1541,5,1082,1
308,3316,10,83,0
308,2988,10,292,1
308,2280,10,1173,1
308,1907,5,1139,1
308,1388,8,1256,1
308,1510,9,292,1
308,718,9,292,1
308,3699,10,226,1
309,1875,8,1084,1
309,424,6,1280,0
310,1989,9,1120,0
311,2667,10,330,0
311,290,10,119,1
314,1303,10,835,0
314,3616,9,756,0
314,750,7,887,0
316,374,8,546,0
316,3012,8,1003,1
316,1265,7,737,0
318,2299,10,1173,1
318,2480,8,1265,0
318,3871,5,1031,1
319,3397,6,543,1
319,1334,8,872,0
319,1891,7,1056,1
319,1117,8,1009,1
319,1146,7,923,0
320,852,9,167,0
321,3423,10,397,1
321,3634,8,1245,1
322,3476,10,576,1
322,3363,10,1050,1
322,2747,10,1189,0
322,3318,10,505,1
330,2733,7,1260,1
330,3048,8,523,0
331,2570,8,938,0
331,2298,9,1173,1
331,1471,10,770,0
331,2729,10,1314,1
331,2637,9,1225,0
333,3954,10,513,1
333,3271,10,864,0
335,2279,10,1173,1
336,562,7,290,1
338,1043,9,798,0
338,1053,8,131,0
338,1292,10,78,0
338,251,9,714,0
338,3352,7,1115,0
338,792,8,75,0
338,1317,7,853,1
338,379,8,1145,0
338,3646,7,715,0
338,2247,7,747,0
338,989,7,694,1
338,972,8,10,0
338,1100,6,221,1
338,3025,7,559,1
338,234,9,1188,0
338,2434,9,424,1
338,61,9,213,1
338,3581,9,132,1
338,3345,9,377,1
338,3738,9,948,1
338,131,7,439,1
338,3371,7,1075,1
339,3858,10,109,0
340,3291,9,618,1
340,2471,9,1261,0
340,2752,9,486,0
340,3658,9,772,1
341,3622,10,1036,1
342,3762,9,390,1
342,431,10,1320,0
345,3871,7,1031,1
345,1568,8,700,0
345,1594,9,643,1
346,1454,10,1193,0
346,150,10,887,0
347,1318,8,548,0
347,1254,7,1104,0
348,2933,5,252,1
349,3131,9,149,1
351,557,8,539,1
353,4023,8,309,1
353,3628,10,1180,1
353,95,6,1030,0
353,410,8,68,0
355,3341,6,148,1
355,699,8,887,0
355,1781,5,1239,1
355,3382,8,376,1
356,554,8,539,1
356,780,9,633,1
356,362,10,1238,1
357,3213,10,40,0
357,3699,10,226,1
357,2328,9,1173,1
358,1440,10,938,0
359,1323,8,512,0
359,1317,8,853,1
362,3411,8,1269,0
362,3025,7,559,1
362,3873,7,33,1
364,3292,8,1046,1
365,1711,10,1239,1
365,2977,4,475,0
365,840,8,1217,0
366,3415,6,1173,1
366,3040,6,1173,1
366,2341,7,1173,1
366,38,5,113,0
367,3423,4,397,1
367,699,9,887,0
370,2146,4,1201,0
371,3220,10,1072,1
371,3536,9,437,1
373,3413,4,1083,1
373,2159,7,885,0
373,2256,9,1173,1
374,1720,9,630,1
374,3433,8,726,1
374,1743,8,444,1
374,2084,9,1288,1
375,1753,7,501,1
375,1565,7,643,1
375,396,9,646,1
375,3949,8,513,1
375,2755,8,1071,1
375,2737,6,1071,1
375,1778,10,254,0
375,2045,8,931,1
375,1575,5,1256,1
375,1786,7,630,1
376,2770,10,841,0
377,3310,7,549,0
377,2150,8,738,0
377,47,9,486,0
377,1282,9,835,0
377,96,9,404,0
377,2611,8,317,0
377,3293,8,1014,0
377,1239,6,987,1
377,663,8,832,1
377,2245,7,551,0
377,1349,9,235,1
377,304,8,987,1
377,3291,8,618,1
379,837,9,1109,1
379,1673,6,644,1
380,42,7,71,0
380,1642,8,1124,0
380,397,7,270,1
380,3546,7,790,0
381,542,9,554,0
381,2295,8,1173,1
381,3406,8,864,0
381,3393,8,864,0
381,2274,8,1173,1
382,535,5,553,0
382,2630,5,610,0
382,3162,7,1233,1
384,3817,10,219,0
384,3113,10,783,0
384,3118,8,783,0
384,2498,9,810,0
385,1026,10,1033,1
387,1724,1,254,0
387,1821,3,630,1
387,770,10,958,1
387,2625,9,27,0
388,1944,8,539,1
388,2832,7,1214,0
388,2085,8,1156,0
390,542,6,554,0
391,521,8,263,1
391,3884,9,1297,1
391,1315,8,630,1
392,1602,7,1256,1
392,1488,5,1256,1
392,1805,7,630,1
393,417,8,1317,0
400,1581,5,643,1
400,3911,7,466,0
401,919,6,938,0
401,871,5,938,0
402,1327,9,240,1
402,1305,7,263,1
405,2057,10,931,1
405,563,5,290,1
406,3702,7,932,1
407,2542,7,780,0
407,2779,6,1221,1
407,2121,9,580,1
407,3648,10,637,1
407,321,8,185,0
407,2548,7,780,0
407,2242,9,551,0
407,2241,10,493,0
407,3675,10,256,0
409,2624,9,453,1
409,1805,7,630,1
409,3609,4,1164,1
410,852,6,167,0
410,1236,8,930,1
410,1306,9,166,1
411,2893,10,47,0
411,3471,5,1173,1
411,1425,10,938,0
411,1990,10,1120,0
411,3085,10,676,0
411,2892,10,47,0
412,699,8,887,0
413,652,9,1011,1
413,2733,5,1260,1
413,3958,9,513,1
414,3942,5,277,1
414,3668,5,50,0
414,423,5,1280,0
415,702,2,253,0
415,900,8,174,0
416,1337,10,89,1
416,3652,1,1309,1
416,3560,10,709,0
416,2673,10,205,1
416,2451,8,683,0
416,96,10,404,0
416,249,10,765,0
416,3339,10,1025,1
416,1357,10,93,1
416,354,10,1055,1
417,419,8,1268,1
417,113,8,610,0
417,105,9,923,0
417,587,9,321,1
417,3595,5,369,1
417,406,9,1268,1
418,3390,9,668,0
418,825,9,747,0
419,3202,7,1175,1
419,1624,6,752,1
420,2120,9,28,1
420,2735,6,1021,0
420,2729,8,1314,1
421,1131,9,1009,1
421,1132,9,1009,1
422,667,8,825,0
422,1075,8,852,1
422,3188,8,997,1
423,47,10,486,0
424,3114,10,783,0
425,1280,10,827,1
425,2681,7,640,1
425,1529,8,292,1
425,2888,9,666,0
425,2236,10,1270,0
426,3232,10,676,0
426,2791,10,914,0
426,650,10,79,0
426,2570,10,938,0
426,1128,10,615,0
427,1201,7,1194,0
427,1595,10,967,0
427,1254,8,1104,0
427,2290,10,726,1
427,2468,10,285,1
427,1318,9,548,0
427,1664,7,866,0
428,3481,10,1212,0
428,2438,10,424,1
428,1452,10,1303,1
429,1745,5,630,1
430,3250,8,864,0
430,1983,7,931,1
430,3774,10,137,1
430,2308,7,1173,1
430,3222,8,864,0
430,3548,7,1173,1
430,1501,7,1082,1
431,601,5,1230,1
432,804,8,1230,1
433,1390,10,967,0
434,318,8,516,1
434,3675,8,256,0
435,3717,8,1069,1
436,646,9,83,0
436,3203,8,79,0
436,2752,10,486,0
436,697,9,83,0
437,646,8,83,0
438,604,7,862,1
438,2434,10,424,1
439,2951,10,484,0
439,417,8,1317,0
439,1848,7,511,0
439,2140,8,644,1
440,2946,8,497,1
440,1729,9,630,1
444,1233,9,1066,1
444,779,10,825,0
444,504,9,585,0
445,173,9,1234,1
445,660,8,1176,1
445,3025,9,559,1
445,3031,9,559,1
445,3845,10,1223,1
446,646,8,83,0
446,3158,8,864,0
446,3086,8,864,0
446,3393,8,864,0
446,1532,8,643,1
446,3078,7,864,0
446,3429,10,397,1
449,1597,8,1256,1
449,553,8,539,1
450,3702,9,932,1
452,2482,9,661,0
453,1981,6,931,1
453,1387,7,780,0
453,1,10,992,1
454,3011,9,1319,0
455,696,10,280,1
455,1305,10,263,1
455,685,10,248,1
456,1718,7,1127,0
456,2132,7,751,0
457,2082,10,539,1
457,2217,10,1189,0
457,2831,5,1214,0
457,2545,10,304,1
459,754,9,83,0
459,2807,9,1221,1
460,1620,9,643,1
460,2784,7,1214,0
460,2112,9,539,1
461,1026,8,1033,1
461,3683,7,493,0
462,3620,8,1036,1
462,700,7,1294,0
462,341,8,610,0
462,390,8,855,1
462,1012,9,1048,1
462,595,7,926,1
462,2470,7,1265,0
463,2358,9,1233,1
463,2370,8,605,0
463,487,8,585,0
463,1056,8,967,0
465,3826,10,1149,0
465,54,7,894,0
465,4015,7,546,0
465,1099,8,132,1
466,1554,10,292,1
466,3811,10,1249,1
467,2327,5,918,0
468,1734,7,254,0
468,1862,5,1084,1
468,464,8,843,0
468,3447,4,612,0
469,2470,9,1265,0
469,2476,7,1265,0
470,0,8,398,1
470,1072,4,152,1
470,588,10,321,1
471,110,10,370,1
473,455,6,368,0
473,3335,5,724,1
475,2297,7,1173,1
475,604,9,862,1
475,1745,8,630,1
475,2290,8,726,1
475,1528,7,515,1
475,2761,8,401,0
475,1513,8,260,1
475,1635,8,1182,1
475,1268,8,630,1
475,1257,10,444,1
476,2625,10,27,0
476,3575,10,132,1
476,2736,10,1011,1
476,979,10,495,1
477,2987,10,292,1
477,1016,10,380,0
477,1074,10,808,0
479,3494,6,359,0
480,3385,10,376,1
481,54,10,894,0
481,2461,9,1261,0
482,1660,10,1189,0
483,1946,8,1120,0
483,2961,8,292,1
484,628,7,754,1
484,2702,8,1267,0
484,3020,7,1053,0
484,2671,9,708,0
484,3283,8,887,0
484,3873,9,33,1
484,3110,7,263,1
485,710,9,887,0
485,255,9,714,0
485,2507,8,780,0
485,1546,8,770,0
486,988,10,163,0
487,2191,7,835,0
487,2185,7,835,0
487,2119,8,886,0
489,1911,8,1120,0
490,3481,8,1212,0
491,1239,5,987,1
491,2147,7,1189,0
491,2296,5,997,1
491,1217,7,923,0
491,1026,5,1033,1
491,1003,7,144,1
491,96,9,404,0
491,44,8,621,1
491,1146,5,923,0
491,2586,9,718,0
491,1097,8,723,0
491,3684,5,551,0
491,1385,5,175,1
491,1312,8,817,1
491,3340,6,1099,0
491,3615,6,905,1
491,156,6,1234,1
491,3361,7,163,0
491,15,5,833,1
491,392,8,559,1
491,418,7,899,0
492,4033,8,72,0
493,2336,9,572,1
493,1013,8,9,0
493,3135,6,576,1
493,734,9,633,1
494,979,10,495,1
494,1311,5,739,0
496,2592,8,938,0
496,1772,6,607,0
496,2577,8,938,0
496,2709,7,914,0
497,965,10,10,0
497,104,10,71,0
499,134,9,74,0
499,3575,8,132,1
499,2376,8,791,0
499,903,8,938,0
500,3804,10,1252,1
500,3799,9,1251,1
501,148,5,1142,1
502,3110,6,263,1
502,2619,8,726,1
502,806,7,1107,1
503,3356,9,1038,1
504,3983,10,933,1
505,1962,1,1068,1
506,3581,9,132,1
506,2880,7,171,1
507,148,8,1142,1
507,2258,10,1173,1
508,3977,6,356,0
508,3490,7,999,1
510,1821,10,630,1
512,2964,5,47,0
513,3172,8,753,1
513,2256,7,1173,1
513,3681,6,1064,1
513,3369,5,1111,1
514,1667,7,236,0
515,54,6,894,0
515,3279,9,256,0
515,2659,10,209,0
515,3213,9,40,0
515,3648,9,637,1
516,3940,9,513,1
518,154,10,1234,1
519,2211,7,82,0
520,2682,8,1260,1
520,2192,8,372,1
520,1516,6,770,0
523,321,8,185,0
523,2928,5,252,1
523,455,9,368,0
523,353,9,903,0
523,1816,7,630,1
523,3253,6,63,1
523,1330,10,8,0
523,3341,9,148,1
523,3620,5,1036,1
523,2241,10,493,0
523,1526,8,643,1
523,270,9,384,0
523,556,8,539,1
523,1812,10,472,1
523,1238,10,160,0
523,1285,10,835,0
523,444,7,67,0
523,3669,6,1000,1
523,3873,9,33,1
523,86,9,1320,0
523,107,8,88,1
523,1462,10,770,0
523,2512,9,780,0
523,2048,7,539,1
523,3110,9,263,1
523,1838,10,511,0
523,3518,7,612,0
524,3126,9,1173,1
524,2083,8,278,1
526,1851,9,811,0
526,977,8,1114,0
527,2542,7,780,0
527,713,7,825,0
529,131,7,439,1
529,1866,7,923,0
529,3595,8,369,1
530,2513,10,780,0
530,131,8,439,1
531,2771,10,95,1
534,2319,8,437,1
534,4023,6,309,1
534,2121,5,580,1
535,2130,10,931,1
535,127,9,894,0
536,620,10,1056,1
537,2581,8,780,0
538,1964,10,924,1
538,559,9,539,1
538,3470,10,864,0
538,3539,8,217,0
538,3987,8,20,0
538,2398,9,121,1
538,3590,10,306,0
538,3029,9,559,1
538,2593,9,219,0
538,1179,9,789,0
538,2996,10,291,1
538,1451,9,1189,0
538,2100,10,1292,0
538,1436,9,966,0
538,167,8,541,1
538,2088,8,180,0
538,3520,8,784,0
538,3931,8,294,0
538,2598,10,938,0
538,1433,9,1189,0
538,30,5,217,0
539,2279,7,1173,1
540,930,7,180,0
540,456,8,585,0
542,3851,8,394,1
542,1860,9,793,0
545,2108,9,539,1
545,2880,7,171,1
545,3102,8,1173,1
545,1907,7,1139,1
545,2302,9,1173,1
546,3873,9,33,1
547,3543,10,1173,1
547,2224,7,1189,0
549,2293,9,1173,1
549,2,10,964,0
549,561,8,68,0
550,3270,8,864,0
551,3041,9,1173,1
552,2420,6,570,0
552,3702,7,932,1
553,1145,10,923,0
553,1281,8,652,1
553,2223,8,1189,0
556,1281,9,652,1
556,2818,10,912,1
556,2659,10,209,0
556,695,7,79,0
556,684,8,79,0
556,1892,9,1056,1
556,638,9,79,0
557,871,5,938,0
557,1122,10,615,0
558,2200,5,524,1
558,2150,8,738,0
558,3569,10,132,1
558,3350,8,1222,1
558,448,8,1001,1
558,1333,6,53,1
559,3121,7,576,1
560,3839,10,841,0
560,3774,10,137,1
560,1881,10,395,1
560,1882,10,395,1
561,2045,7,931,1
561,1901,8,1268,1
561,3359,8,283,1
561,2490,8,950,1
561,3086,8,864,0
561,843,7,633,1
562,1814,9,985,0
562,3083,10,676,0
562,2112,9,539,1
563,3040,10,1173,1
564,2063,9,539,1
564,180,6,1187,1
564,1864,7,152,1
564,614,6,1043,1
565,2494,10,219,0
565,2589,10,560,0
566,989,8,694,1
566,1854,7,945,0
567,1968,6,540,1
567,2078,8,1120,0
568,1418,10,780,0
569,421,9,51,0
570,3099,9,576,1
570,1953,7,924,1
571,1960,10,35,0
571,2292,10,1173,1
571,1860,10,793,0
571,2280,10,1173,1
572,3423,10,397,1
573,1675,8,243,0
573,1756,8,501,1
573,3066,8,864,0
573,2043,6,539,1
573,3271,9,864,0
573,1745,9,630,1
573,241,10,760,0
573,1720,10,630,1
573,3396,9,864,0
573,3077,9,864,0
573,3222,9,864,0
574,2154,8,644,1
574,1504,6,292,1
574,1913,5,1156,0
574,3509,6,1173,1
575,341,8,610,0
575,2337,7,1173,1
575,2297,8,1173,1
576,2291,7,1173,1
576,3102,7,1173,1
578,2004,10,894,0
578,1328,7,851,1
579,1709,3,1034,1
579,114,6,610,0
579,1732,1,243,0
579,3229,8,1072,1
579,3780,8,413,1
580,1009,7,276,1
580,444,9,67,0
581,713,4,825,0
581,1327,8,240,1
581,972,8,10,0
581,3431,9,1269,0
581,2451,8,683,0
582,2561,7,938,0
582,2275,10,1173,1
582,143,8,736,1
582,3663,10,1063,1
583,1752,10,1052,1
583,507,7,865,0
583,840,7,1217,0
583,2033,7,175,1
583,1069,8,625,1
584,3324,8,631,1
585,1296,4,1241,1
586,1828,8,1275,0
587,750,8,887,0
587,1496,8,292,1
588,460,10,368,0
589,690,8,83,0
590,1047,5,1293,0
590,1700,5,864,0
590,2285,5,726,1
590,1550,5,1256,1
590,1588,5,1256,1
590,1031,5,1034,1
590,1277,5,1046,1
591,713,7,825,0
591,95,10,1030,0
591,3658,8,772,1
592,3620,7,1036,1
593,234,3,1188,0
593,2745,6,1054,0
593,1714,7,828,0
594,1844,7,511,0
594,2184,9,840,0
594,3256,10,633,1
594,1720,10,630,1
595,3340,8,1099,0
595,3580,6,606,0
596,2584,5,938,0
596,918,7,938,0
599,3075,8,864,0
600,2806,8,1221,1
601,2141,8,326,1
601,3268,10,1240,1
601,2350,10,632,1
601,3683,7,493,0
602,2289,10,1173,1
602,2346,9,1173,1
602,3654,7,522,0
602,2934,9,292,1
603,27,10,845,0
603,2756,9,190,0
604,1195,3,845,0
606,3041,8,1173,1
608,1756,8,501,1
608,1953,7,924,1
608,2832,7,1214,0
609,3072,7,176,1
610,1872,9,1084,1
610,2903,9,1016,0
611,2831,6,1214,0
611,2124,8,138,0
612,3432,9,397,1
612,2928,10,252,1
612,3879,10,33,1
612,2995,8,291,1
613,3293,8,1014,0
613,827,7,82,0
613,2112,7,539,1
613,2733,9,1260,1
613,745,9,83,0
613,748,8,633,1
613,2192,9,372,1
613,2695,10,633,1
613,3879,9,33,1
613,3874,9,33,1
613,2106,8,175,1
613,1509,7,25,0
614,1071,9,566,0
614,3410,8,1269,0
614,2154,8,644,1
614,58,10,1030,0
614,3818,6,1040,1
614,3033,8,410,1
616,260,10,405,0
616,661,10,1002,1
616,1305,10,263,1
616,599,10,80,0
616,1397,10,1159,0
619,2410,9,828,0
619,2788,10,677,0
619,2317,10,1173,1
619,230,9,84,0
619,1629,9,292,1
619,181,10,1187,1
619,3046,10,1173,1
619,3429,10,397,1
619,2725,10,938,0
619,3191,9,676,0
619,2549,10,938,0
620,3919,8,1086,0
620,3359,5,283,1
620,3132,8,1173,1
621,1397,9,1159,0
622,593,7,304,1
622,3270,8,864,0
622,2327,6,918,0
622,2105,7,142,1
626,2003,8,931,1
626,3026,9,545,1
626,324,7,545,1
627,3105,10,576,1
627,903,8,938,0
628,3432,10,397,1
628,2610,8,1207,0
628,3964,8,1073,1
630,2784,7,1214,0
635,1856,5,511,0
635,2562,10,938,0
635,1302,5,630,1
635,617,5,15,0
635,2561,10,938,0
635,2570,10,938,0
635,73,5,463,0
635,1294,6,501,1
635,2597,5,938,0
635,245,5,760,0
635,2767,10,938,0
635,1675,10,243,0
635,680,5,83,0
635,3295,5,83,0
636,2302,7,1173,1
637,1503,7,292,1
637,1845,9,1102,1
637,1942,5,1156,0
637,2275,9,1173,1
637,3103,8,1173,1
637,133,9,439,1
638,1799,6,10,0
638,1821,7,630,1
638,1210,9,486,0
638,321,6,185,0
640,378,9,610,0
640,1720,9,630,1
640,2004,10,894,0
641,2012,7,175,1
641,134,7,74,0
641,2627,7,453,1
641,3982,7,1133,0
641,106,8,923,0
641,1172,8,923,0
641,1293,9,877,1
641,3595,7,369,1
643,3660,9,340,1
643,393,8,1204,0
643,328,10,274,0
643,390,10,855,1
644,1905,8,175,1
646,2884,9,922,1
646,1286,10,505,1
646,3653,9,569,0
646,1275,7,835,0
646,564,9,290,1
646,3344,8,957,1
647,1030,9,271,0
651,2136,9,1156,0
652,2690,10,1257,1
652,3452,10,612,0
652,125,8,1030,0
653,3800,10,1249,1
653,3806,5,1251,1
655,3634,6,1245,1
656,3255,9,783,0
661,2262,7,1082,1
661,787,6,83,0
661,3321,5,656,1
661,724,5,83,0
661,2396,6,947,0
661,646,7,83,0
661,3747,7,1042,1
664,2283,5,342,0
664,2031,5,1120,0
664,1907,5,1139,1
666,3705,8,932,1
667,2045,9,931,1
667,2023,9,886,0
667,2307,5,918,0
668,886,8,938,0
668,1254,7,1104,0
668,2562,10,938,0
669,1009,8,276,1
669,3988,9,933,1
670,2479,10,438,1
670,779,9,825,0
671,1413,8,50,0
671,444,8,67,0
672,1323,8,512,0
672,125,8,1030,0
672,1821,3,630,1
673,1738,9,254,0
674,444,10,67,0
674,2015,8,539,1
674,2121,9,580,1
674,2911,7,745,0
676,3673,7,82,0
676,3985,8,1133,0
676,2649,8,1257,1
676,2147,6,1189,0
677,3364,9,107,1
678,3945,8,513,1
678,2511,7,780,0
678,2003,10,931,1
678,4027,5,128,0
678,2504,8,780,0
678,3986,8,933,1
679,1944,5,539,1
681,3429,8,397,1
681,2797,10,11,0
683,3689,8,1189,0
683,307,7,320,1
684,3859,10,92,0
684,3717,10,1069,1
685,2891,5,47,0
685,3913,5,1205,0
685,2900,5,1216,0
685,3888,5,294,0
685,2543,5,938,0
685,2743,5,914,0
685,2505,5,83,0
685,1089,5,615,0
685,1134,5,615,0
685,2570,5,938,0
685,4009,5,533,1
685,98,5,1213,0
685,2709,5,914,0
685,925,5,938,0
686,2880,9,171,1
686,1056,8,967,0
686,3961,9,517,1
686,715,8,1043,1
686,2342,9,1173,1
686,2023,9,886,0
687,646,10,83,0
687,1678,8,14,0
687,3610,10,225,1
687,3871,9,1031,1
687,985,10,858,1
687,1146,10,923,0
689,1444,8,1126,0
689,820,8,1061,1
689,1254,6,1104,0
689,2097,8,886,0
689,2131,7,1079,1
689,3246,7,703,0
690,1511,7,1082,1
690,3177,7,154,1
690,136,7,439,1
690,2477,7,215,1
691,1196,10,386,0
691,2286,9,726,1
691,728,9,1043,1
693,699,5,887,0
694,3387,8,231,1
695,1843,10,958,1
696,3954,9,513,1
696,4,10,185,0
697,1009,9,276,1
698,1329,7,70,0
699,3266,9,1233,1
699,3195,10,415,1
699,3261,7,864,0
699,2043,7,539,1
699,3168,8,864,0
699,1796,9,501,1
699,1731,10,630,1
699,2533,8,1184,1
699,3078,8,864,0
700,1254,7,1104,0
700,3266,5,1233,1
701,1862,8,1084,1
701,18,9,1023,0
701,2559,8,938,0
701,3408,10,397,1
701,1304,10,480,1
701,869,8,938,0
702,1317,7,853,1
703,1729,6,630,1
703,95,6,1030,0
703,955,6,15,0
703,3034,10,1173,1
703,2301,7,1173,1
703,2261,8,1173,1
703,3314,7,83,0
704,1341,5,557,1
705,903,7,938,0
705,3148,5,231,1
707,939,5,1139,1
707,1412,7,967,0
707,191,5,578,1
707,2072,5,539,1
708,2083,8,278,1
709,2548,8,780,0
709,3944,9,513,1
710,125,8,1030,0
710,2360,8,523,0
710,26,8,845,0
710,2063,8,539,1
711,1542,6,643,1
711,2408,7,916,0
711,1051,10,131,0
711,2041,7,175,1
712,3462,10,143,1
714,2181,8,524,1
714,1305,10,263,1
714,2382,8,121,1
714,3799,5,1251,1
714,3562,8,948,1
714,1780,6,930,1
715,2004,8,894,0
716,964,10,816,0
717,138,10,1064,1
718,1667,8,236,0
719,2211,8,82,0
719,1192,8,353,0
719,2504,7,780,0
719,3161,9,603,1
719,2507,7,780,0
719,2536,7,780,0
720,2531,8,938,0
720,2528,8,938,0
720,2927,8,1214,0
720,137,8,1158,0
720,2541,8,938,0
720,1943,7,1120,0
721,2561,10,938,0
723,3329,7,1271,1
723,378,8,610,0
724,1039,10,808,0
725,1368,8,370,1
725,1355,9,1013,0
725,2434,10,424,1
725,3287,8,83,0
725,724,8,83,0
725,664,8,83,0
725,426,10,1280,0
725,421,10,51,0
725,2665,9,446,0
728,3471,6,1173,1
729,242,7,760,0
730,2477,7,215,1
730,2948,8,1216,0
731,1286,9,505,1
731,2124,9,138,0
733,2702,8,1267,0
733,1273,8,759,0
733,3457,9,347,0
734,745,8,83,0
734,2004,9,894,0
735,2297,10,1173,1
736,288,7,1055,1
736,1791,6,703,0
737,287,10,646,1
739,2628,7,930,1
741,450,6,263,1
744,3495,10,1032,1
744,3380,9,966,0
745,3196,6,1072,1
745,3514,7,1173,1
745,2319,7,437,1
745,2592,7,938,0
745,3527,8,676,0
746,2509,7,780,0
747,2612,3,119,1
747,1069,8,625,1
747,623,7,961,1
748,2274,8,1173,1
748,3229,8,1072,1
748,2299,10,1173,1
749,1858,7,378,0
749,2694,5,450,1
749,462,8,888,0
749,3086,5,864,0
749,33,7,1030,0
749,3662,8,1018,0
750,1286,8,505,1
750,2101,8,278,1
751,1781,8,1239,1
751,730,8,633,1
752,504,4,585,0
752,1823,3,104,0
752,3794,5,590,1
752,1805,8,630,1
752,3535,7,703,0
754,2861,7,960,1
754,1759,9,930,1
754,1500,9,292,1
754,1510,8,292,1
754,2041,8,175,1
754,1493,7,292,1
754,3141,10,321,1
754,2336,8,572,1
754,699,9,887,0
755,571,7,68,0
755,2076,5,539,1
755,1546,7,770,0
755,1745,7,630,1
755,1473,8,1256,1
755,3969,10,259,0
755,2085,7,1156,0
755,1731,8,630,1
755,790,8,575,1
755,175,9,732,0
755,408,2,71,0
755,2386,7,947,0
755,2965,7,47,0
755,1940,7,35,0
755,1595,7,967,0
755,2605,7,565,0
755,3552,8,828,0
755,14,9,542,1
755,2188,9,524,1
756,1731,8,630,1
756,1711,8,1239,1
757,3180,8,66,0
758,3909,5,462,0
758,2885,10,426,1
758,3752,8,1067,1
759,992,7,214,1
759,462,6,888,0
759,978,9,162,0
760,2940,6,1006,1
760,2341,9,1173,1
760,537,8,554,0
760,2343,9,1173,1
760,546,4,539,1
760,2698,8,644,1
761,466,8,580,1
761,1460,7,1173,1
762,1382,8,1150,0
762,3696,8,1189,0
764,1311,8,739,0
764,2940,5,1006,1
764,403,7,1317,0
764,3475,6,576,1
765,2503,6,780,0
765,1690,8,1,0
765,2327,6,918,0
769,2752,9,486,0
769,1727,8,828,0
769,1078,8,604,1
769,1720,8,630,1
769,95,9,1030,0
769,2729,10,1314,1
770,3476,8,576,1
770,2112,7,539,1
770,443,8,585,0
770,398,9,1055,1
770,652,10,1011,1
771,1009,8,276,1
771,2419,8,487,0
773,1590,9,627,1
773,945,7,15,0
774,3101,5,1173,1
776,751,7,887,0
776,617,9,15,0
776,745,9,83,0
777,2003,9,931,1
777,2124,10,138,0
777,2395,10,437,1
778,1889,10,79,0
781,1518,7,1256,1
783,2999,9,1213,0
786,2871,6,507,1
786,1315,7,630,1
786,2224,5,1189,0
786,2750,10,1189,0
786,969,7,10,0
786,2045,10,931,1
787,1227,7,548,0
787,1404,5,275,1
787,3991,7,478,1
787,572,10,68,0
787,777,8,314,0
787,389,10,430,0
789,3798,5,1252,1
789,1991,5,1120,0
789,2882,5,802,0
789,2291,5,1173,1
789,3061,5,1233,1
789,1236,5,930,1
789,762,5,176,1
789,3801,5,1252,1
789,198,5,1197,0
789,2710,5,938,0
789,1056,5,967,0
789,1970,5,138,0
789,1627,5,966,0
790,1351,7,1063,1
790,2027,5,1203,0
790,403,8,1317,0
790,3410,8,1269,0
791,391,10,1192,0
791,3545,10,864,0
792,2723,10,571,0
792,2462,9,147,1
792,444,9,67,0
792,3083,7,676,0
792,2045,10,931,1
792,455,8,368,0
793,1511,7,1082,1
793,2764,8,1189,0
793,321,9,185,0
793,2749,7,1189,0
795,2471,6,1261,0
795,838,8,0,0
796,933,9,39,0
797,525,7,290,1
797,150,7,887,0
798,640,8,382,0
798,2474,8,674,0
799,3293,10,1014,0
799,3376,7,499,1
799,3061,7,1233,1
799,2754,9,1304,1
799,3372,10,958,1
799,2760,7,241,0
799,3280,6,83,0
800,3050,10,1233,1
800,2074,10,931,1
801,2082,10,539,1
801,1518,9,1256,1
801,3786,6,413,1
801,576,7,68,0
801,3602,7,421,1
801,1302,8,630,1
801,3218,8,676,0
801,3445,9,300,1
803,3013,10,114,0
804,3058,6,545,1
804,3684,5,551,0
804,957,9,9,0
804,702,10,253,0
804,1023,9,499,1
804,969,10,10,0
805,2124,9,138,0
805,110,5,370,1
806,1220,9,923,0
807,3686,9,384,0
809,3879,8,33,1
809,566,8,290,1
810,72,9,71,0
811,2726,8,486,0
811,3069,10,947,0
811,556,7,539,1
811,1056,10,967,0
812,444,9,67,0
815,3611,4,1180,1
815,3873,10,33,1
815,3980,10,537,1
815,1728,5,1100,0
819,2822,9,255,0
819,844,8,734,0
819,1031,8,1034,1
820,3996,7,157,1
821,3132,6,1173,1
821,1074,10,808,0
822,3675,10,256,0
823,858,9,164,0
824,1308,8,881,1
824,1269,8,630,1
825,1189,5,221,1
825,617,9,15,0
827,3968,9,933,1
827,661,8,1002,1
827,290,7,119,1
828,1816,6,630,1
828,308,7,974,1
828,4021,8,809,0
829,2625,9,27,0
829,1258,9,251,1
829,1085,9,221,1
830,3129,9,588,0
830,2082,5,539,1
830,992,5,214,1
830,2318,5,437,1
830,2045,9,931,1
830,471,5,1239,1
830,1674,10,864,0
830,3429,9,397,1
830,3270,5,864,0
832,1517,9,1256,1
832,3766,7,413,1
833,973,6,18,1
833,340,5,274,0
833,31,7,629,1
834,1583,6,515,1
834,2208,7,1189,0
835,3956,7,513,1
835,1720,10,630,1
837,1199,10,357,0
839,944,10,96,1
839,2063,10,539,1
840,704,8,83,0
841,2147,7,1189,0
842,3758,8,821,1
843,2290,8,726,1
843,4017,10,835,0
843,1308,7,881,1
843,777,1,314,0
843,3990,10,1133,0
846,270,10,384,0
846,3270,8,864,0
846,3732,8,323,1
846,3275,5,1315,1
846,585,10,539,1
847,1881,8,395,1
847,2534,7,938,0
848,2335,10,546,0
849,3272,8,676,0
850,2026,6,362,0
850,1756,7,501,1
850,534,8,193,0
850,3942,8,277,1
850,12,7,529,1
850,104,9,71,0
850,3772,10,137,1
852,33,2,1030,0
853,3723,7,948,1
854,104,10,71,0
858,2839,8,1214,0
858,1420,8,1189,0
858,280,5,533,1
859,3201,7,676,0
859,269,5,375,0
860,3769,8,137,1
860,2838,4,656,1
862,453,8,1262,0
862,3059,8,1204,0
862,464,9,843,0
863,3746,9,948,1
863,1436,9,966,0
865,539,9,628,1
865,992,5,214,1
867,2521,9,938,0
867,2900,10,1216,0
867,2725,10,938,0
867,1173,9,1195,0
867,1014,5,53,1
867,3217,9,1072,1
867,3233,9,676,0
867,2712,10,644,1
867,2963,10,547,0
867,1207,9,686,0
867,3160,10,678,0
867,1426,10,938,0
867,148,10,1142,1
867,3460,9,839,0
867,2343,10,1173,1
867,1183,6,615,0
867,3272,8,676,0
867,3502,9,676,0
867,992,9,214,1
867,1128,9,615,0
868,1962,8,1068,1
868,1975,7,931,1
868,1437,8,938,0
868,884,7,938,0
868,887,8,938,0
869,1781,6,1239,1
871,1271,10,501,1
871,1542,10,643,1
871,1917,10,1156,0
871,1944,10,539,1
872,577,5,68,0
872,3942,9,277,1
873,2859,8,656,1
873,1571,8,1304,1
875,969,9,10,0
878,1172,10,923,0
878,2290,10,726,1
878,2157,9,82,0
878,3352,8,1115,0
878,2427,7,848,0
878,453,10,1262,0
879,1442,10,643,1
880,1782,8,1100,0
880,2215,9,1189,0
880,2081,5,1250,1
880,1078,7,604,1
881,3800,10,1249,1
881,1500,10,292,1
882,1170,10,1194,0
882,3679,10,797,0
882,2966,10,721,0
882,3895,10,294,0
883,2418,8,141,1
883,2156,7,504,1
884,937,9,580,1
884,2764,8,1189,0
884,2208,8,1189,0
885,2449,5,1261,0
886,1302,10,630,1
886,3072,10,176,1
888,2995,8,291,1
888,176,9,1234,1
888,1693,7,735,1
888,105,7,923,0
889,1254,6,1104,0
890,1551,7,1082,1
890,2916,8,484,0
890,3466,7,864,0
890,2832,7,1214,0
890,1731,6,630,1
890,2357,7,1178,1
890,3136,6,576,1
890,1463,6,292,1
890,1798,8,985,0
890,1369,6,1173,1
890,664,6,83,0
890,2318,7,437,1
890,2080,7,1120,0
890,2327,5,918,0
890,3640,6,1052,1
890,1521,6,292,1
890,2950,8,484,0
890,2927,8,1214,0
890,1720,6,630,1
890,2575,5,560,0
890,1486,7,292,1
890,3084,5,676,0
890,2641,8,252,1
890,2967,8,721,0
890,2208,6,1189,0
890,2190,7,386,0
891,744,6,292,1
891,1712,8,1166,1
891,1518,8,1256,1
891,1286,9,505,1
891,1536,8,1256,1
891,2306,7,1173,1
893,3437,8,132,1
893,211,8,113,0
893,2206,7,840,0
893,2606,8,275,1
896,1144,9,922,1
896,2168,9,524,1
896,2796,7,1254,1
896,1625,7,643,1
897,3410,8,1269,0
898,3315,8,83,0
898,2584,8,938,0
899,1866,9,923,0
899,2567,9,1181,1
901,1146,7,923,0
901,2616,10,273,0
902,572,8,68,0
902,319,10,646,1
902,1474,5,292,1
902,1496,5,292,1
902,1817,8,453,1
903,3403,7,1045,1
904,2342,7,1173,1
904,2276,8,1173,1
904,3417,8,1173,1
905,3226,10,321,1
905,1877,8,395,1
907,2368,8,1227,0
907,1009,10,276,1
907,137,5,1158,0
907,2385,10,1233,1
909,2654,9,911,1
909,1452,7,1303,1
909,3351,5,1266,1
912,1324,8,474,1
913,1621,7,915,0
914,2397,9,1187,1
914,1009,9,276,1
915,963,9,33,1
917,3668,9,50,0
918,215,8,947,0
918,839,9,1217,0
918,1819,9,444,1
918,1851,8,811,0
918,985,5,858,1
918,552,7,539,1
918,131,5,439,1
918,2162,9,734,0
918,3686,10,384,0
918,1627,8,966,0
919,2766,9,1151,0
920,1877,10,395,1
920,1300,9,226,1
921,1751,8,243,0
924,3472,8,1173,1
924,2295,10,1173,1
924,3283,9,887,0
924,803,5,171,1
924,2291,10,1173,1
924,2846,9,1071,1
924,1953,9,924,1
924,1731,9,630,1
924,2271,9,1173,1
924,1894,10,1056,1
927,2345,9,1173,1
927,2561,7,938,0
927,433,6,388,0
927,1912,6,1120,0
927,2065,6,1041,1
927,2563,6,560,0
927,2343,9,1173,1
927,3453,7,69,0
928,2217,8,1189,0
928,2530,7,938,0
928,2047,5,924,1
928,1600,9,967,0
928,630,8,1043,1
929,1254,6,1104,0
930,1151,9,1151,0
931,2739,9,1011,1
931,2410,8,828,0
931,1779,7,812,0
931,2438,5,424,1
931,3505,8,625,1
931,2216,8,1189,0
931,1254,6,1104,0
932,2810,7,17,1
932,691,8,1268,1
933,2804,9,1044,1
933,1793,8,165,1
934,3887,6,938,0
936,3936,10,1147,0
937,2584,10,938,0
937,916,8,938,0
937,1821,8,630,1
937,2623,6,828,0
937,1261,8,869,0
937,852,8,167,0
937,992,7,214,1
938,3408,5,397,1
938,616,6,1009,1
938,3728,6,716,0
938,3784,8,413,1
938,1244,6,935,0
938,417,6,1317,0
938,1881,6,395,1
938,1639,8,1058,1
938,631,6,336,1
939,2297,5,1173,1
939,1891,5,1056,1
941,1998,9,710,0
941,1380,8,780,0
941,3719,10,1069,1
942,543,8,68,0
942,244,10,760,0
942,958,8,258,1
942,1724,9,254,0
946,945,5,15,0
946,1262,10,630,1
946,3871,3,1031,1
947,2736,9,1011,1
948,2753,10,1151,0
948,3871,1,1031,1
948,252,10,391,0
948,2741,10,1213,0
949,1524,8,292,1
949,1489,7,292,1
949,1282,8,835,0
949,1033,7,373,1
949,3016,8,331,1
950,2723,8,571,0
951,3081,8,676,0
951,571,6,68,0
951,3233,8,676,0
951,1759,10,930,1
951,2975,8,672,0
952,245,10,760,0
952,303,7,404,0
955,1327,7,240,1
955,3300,3,312,0
956,1705,5,664,0
956,618,5,1230,1
956,675,5,1230,1
956,357,5,205,1
957,3257,8,1233,1
957,2839,7,1214,0
958,2799,9,732,0
958,2779,9,1221,1
959,2927,7,1214,0
960,2146,6,1201,0
961,3472,7,1173,1
961,3438,10,998,1
961,1027,10,1010,1
961,721,8,15,0
965,383,10,1055,1
967,1720,9,630,1
968,2553,7,1184,1
969,3836,9,932,1
969,469,7,208,1
969,1704,4,1127,0
969,2502,6,780,0
969,2513,6,780,0
970,2845,10,128,0
970,11,6,529,1
971,2146,9,1201,0
973,3756,10,823,0
974,3416,8,1173,1
974,1501,10,1082,1
974,3191,8,676,0
974,604,8,862,1
974,1848,9,511,0
975,444,10,67,0
975,3252,10,947,0
976,391,9,1192,0
976,1821,9,630,1
976,2171,10,873,0
977,3679,9,797,0
977,504,8,585,0
978,652,8,1011,1
981,1857,10,1136,1
982,1342,9,226,1
982,1681,9,735,1
982,250,10,879,0
982,1795,5,444,1
983,1059,7,673,0
983,2140,7,644,1
985,54,8,894,0
985,2438,9,424,1
985,2805,7,1221,1
986,1869,6,152,1
988,444,8,67,0
988,3452,8,612,0
990,613,10,402,0
990,2128,6,1198,0
990,369,9,98,1
990,1364,8,1298,0
990,252,9,391,0
991,1014,8,53,1
992,2044,8,278,1
992,1832,7,1104,0
992,1827,5,630,1
993,3693,8,1189,0
993,2638,5,774,1
995,821,9,619,1
995,552,8,539,1
997,2879,8,255,0
997,3674,7,50,0
997,3048,6,523,0
997,735,7,862,1
1000,652,10,1011,1
1003,1803,10,607,0
1006,2303,9,726,1
1006,2311,9,997,1
1006,965,9,10,0
1007,2128,7,1198,0
1007,2577,8,938,0
1007,2598,10,938,0
1009,903,10,938,0
1010,3726,7,948,1
1010,1049,9,613,1
1010,617,8,15,0
1010,648,9,1009,1
1010,1117,8,1009,1
1010,3336,7,1282,0
1010,674,7,1009,1
1010,1878,10,395,1
1011,2293,8,1173,1
1011,2057,5,931,1
1011,1158,9,525,1
1011,3091,8,1235,0
1011,405,7,301,0
1011,3653,9,569,0
1012,2559,7,938,0
1012,920,7,938,0
1012,2907,7,1120,0
1012,3920,6,1147,0
1012,918,7,938,0
1013,3808,8,1251,1
1015,847,8,507,1
1016,2226,8,623,1
1017,968,10,1220,1
1017,3394,8,864,0
1018,1452,7,1303,1
1018,58,3,1030,0
1018,2574,5,938,0
1018,2469,7,788,0
1018,2032,5,291,1
1018,584,7,539,1
1018,869,7,938,0
1019,80,8,416,1
1019,3325,5,822,0
1021,3076,10,864,0
1021,458,1,23,0
1021,2382,10,121,1
1021,464,10,843,0
1021,2624,10,453,1
1021,1532,9,643,1
1022,3772,10,137,1
1023,888,10,1130,0
1025,294,10,308,1
1027,3990,8,1133,0
1028,3865,9,1074,1
1028,1861,7,329,0
1028,3859,10,92,0
1030,3889,8,1120,0
1031,3207,8,261,1
1031,3860,9,1208,0
1032,139,8,578,1
1032,1907,9,1139,1
1037,2796,8,1254,1
1037,2257,9,726,1
1038,1273,7,759,0
1038,667,9,825,0
1041,3192,10,676,0
1041,1220,9,923,0
1041,2133,10,539,1
1045,253,9,391,0
1046,391,10,1192,0
1046,1022,8,740,0
1049,1110,9,300,1
1049,846,10,159,0
1049,2372,9,594,0
1049,854,9,744,0
1050,3703,9,932,1
1051,44,5,621,1
1051,1441,9,1304,1
1052,1514,3,1058,1
1052,3200,10,231,1
1053,692,10,79,0
1056,1782,5,1100,0
1056,644,8,280,1
1056,2170,7,840,0
1057,1336,5,567,0
1057,1088,6,808,0
1058,1580,6,1256,1
1058,1117,7,1009,1
1058,2068,7,323,1
1058,1852,9,956,1
1058,2294,10,1173,1
1059,3086,3,864,0
1059,2004,9,894,0
1059,2588,6,938,0
1059,1321,9,835,0
1059,1810,8,930,1
1060,3015,8,1150,0
1061,2884,10,922,1
1061,2887,6,922,1
1062,1014,9,53,1
1062,487,6,585,0
1063,3114,8,783,0
1063,2297,7,1173,1
1063,3113,8,783,0
1063,3049,9,1173,1
1064,1406,8,231,1
1064,3016,9,331,1
1065,3035,5,1173,1
1065,3314,5,83,0
1065,2343,9,1173,1
1065,3043,5,1173,1
1065,3039,5,1173,1
1067,552,9,539,1
1067,2515,9,938,0
1067,2532,8,304,1
1067,1917,9,1156,0
1071,2687,1,161,1
1071,760,5,83,0
1072,3729,7,716,0
1072,1029,9,336,1
1073,861,7,738,0
1073,1452,9,1303,1
1073,445,8,408,0
1075,3930,9,177,0
1075,2966,9,721,0
1075,1829,8,1237,1
1075,2068,9,323,1
1075,3101,10,1173,1
1076,2603,8,321,1
1077,2822,8,255,0
1077,2230,8,1007,0
1077,3436,5,386,0
1077,3964,8,1073,1
1077,3321,5,656,1
1077,3275,8,1315,1
1078,275,10,96,1
1079,1610,5,967,0
1081,236,6,981,1
1081,1488,5,1256,1
1081,123,7,757,0
1081,2470,8,1265,0
1086,1346,10,402,0
1087,1880,5,79,0
1087,1490,6,770,0
1088,3039,5,1173,1
1088,3036,5,1173,1
1088,2298,5,1173,1
1088,3456,5,1060,1
1088,1324,8,474,1
1088,3130,8,588,0
1088,1223,5,1173,1
1088,259,5,697,0
1089,563,4,290,1
1091,1746,10,187,0
1091,4001,7,627,1
1095,2322,8,1224,0
1095,1914,7,1156,0
1095,683,8,84,0
1095,2876,7,1016,0
1095,1569,7,967,0
1095,2226,9,623,1
1095,71,8,706,0
1095,3501,7,673,0
1097,2720,9,1189,0
1100,3268,9,1240,1
1100,3132,8,1173,1
1100,2695,9,633,1
1100,371,8,452,1
1100,1273,8,759,0
1100,797,8,502,1
1100,2219,8,524,1
1101,3761,6,553,0
1101,3373,9,1003,1
1101,3075,8,864,0
1101,772,5,507,1
1101,1324,4,474,1
1101,3372,9,958,1
1101,958,9,258,1
1101,543,9,68,0
1103,1948,4,1068,1
1104,1439,8,1187,1
1104,1162,8,845,0
1104,3137,7,576,1
1104,2648,10,565,0
1104,1271,10,501,1
1105,1060,7,673,0
1105,581,6,146,0
1105,2324,4,887,0
1105,3129,8,588,0
1106,3393,8,864,0
1107,2762,9,644,1
1107,3113,10,783,0
1107,495,8,585,0
1108,314,7,646,1
1108,545,7,539,1
1109,3982,8,1133,0
1111,2064,8,278,1
1111,2392,8,342,0
1111,814,8,1061,1
1111,2533,7,1184,1
1112,455,8,368,0
1112,1318,7,548,0
1112,3628,3,1180,1
1112,3380,7,966,0
1112,772,5,507,1
1112,1684,7,527,1
1115,1118,7,1009,1
1115,3727,8,1009,1
1115,636,7,79,0
1116,3617,9,1180,1
1117,1281,8,652,1
1117,992,9,214,1
1117,2819,5,819,0
1118,1065,7,102,1
1119,1924,7,924,1
1119,2761,7,401,0
1119,521,10,263,1
1119,2932,10,260,1
1119,2271,9,1173,1
1119,1717,9,97,1
1121,3983,8,933,1
1121,837,10,1109,1
1121,2779,5,1221,1
1123,3433,8,726,1
1123,3479,9,1005,1
1123,971,9,1173,1
1123,1729,9,630,1
1123,2742,10,476,0
1124,2741,9,1213,0
1130,2719,9,1071,1
1131,531,5,886,0
1131,584,5,539,1
1131,971,7,1173,1
1132,2072,8,539,1
1133,3268,8,1240,1
1134,2177,6,82,0
1134,444,8,67,0
1134,834,8,747,0
1134,2554,7,938,0
1134,2379,8,828,0
1134,3410,8,1269,0
1134,1759,5,930,1
1134,3861,8,92,0
1134,2054,9,278,1
1134,1688,6,243,0
1135,1342,10,226,1
1136,1532,10,643,1
1136,1741,9,187,0
1137,2757,8,1054,0
1137,1957,7,384,0
1137,1704,7,1127,0
1138,3924,7,711,0
1139,2811,7,1257,1
1139,15,7,833,1
1140,1220,6,923,0
1141,3511,6,183,0
1141,862,6,500,0
1142,2797,7,11,0
1142,1273,6,759,0
1143,4046,9,673,0
1143,4048,7,1226,0
1144,3664,5,50,0
1145,2069,6,927,0
1145,3639,6,324,1
1145,2592,7,938,0
1146,1082,8,798,0
1146,3859,3,92,0
1148,3773,7,413,1
1149,3261,7,864,0
1149,3100,8,576,1
1151,68,8,1030,0
1151,2475,8,584,0
1153,3765,10,1134,1
1154,1324,8,474,1
1154,1012,7,1048,1
1156,906,9,938,0
1156,2584,10,938,0
1157,1946,3,1120,0
1158,1348,5,1063,1
1158,2641,10,252,1
1160,2336,5,572,1
1160,2927,6,1214,0
1161,324,7,545,1
1161,2005,9,931,1
1162,35,9,1158,0
1162,3658,8,772,1
1162,444,10,67,0
1162,3377,9,958,1
1162,1014,7,53,1
1162,732,10,850,1
1162,846,9,159,0
1162,956,9,249,1
1162,3159,7,626,1
1162,2745,8,1054,0
1162,1244,7,935,0
1162,328,10,274,0
1162,1041,9,977,1
1162,1044,10,808,0
1162,103,7,298,0
1162,680,8,83,0
1162,2299,10,1173,1
1162,1012,9,1048,1
1162,2095,7,927,0
1168,1099,10,132,1
1168,1081,8,723,0
1168,1163,6,845,0
1169,3960,8,513,1
1169,80,7,416,1
1169,3926,10,829,0
1170,124,9,803,0
1170,317,9,868,0
1170,1693,10,735,1
1171,1330,8,8,0
1174,2201,9,524,1
1175,2494,10,219,0
1179,1251,7,930,1
1179,1827,8,630,1
1179,2072,8,539,1
1179,3132,8,1173,1
1179,1026,9,1033,1
1183,905,7,938,0
1183,840,10,1217,0
1183,3937,8,211,0
1184,724,7,83,0
1185,4006,9,546,0
1186,1859,6,1017,0
1187,11,7,529,1
1187,585,5,539,1
1187,3615,7,905,1
1187,3801,10,1252,1
1187,835,8,1191,0
1187,3953,5,513,1
1188,1402,10,967,0
1188,2350,6,632,1
1188,992,10,214,1
1189,658,8,95,1
1189,605,6,79,0
1189,2218,7,1189,0
1190,95,8,1030,0
1190,3110,9,263,1
1190,1796,8,501,1
1190,1305,10,263,1
1191,292,10,977,1
1191,125,9,1030,0
1191,1692,10,491,1
1192,2230,4,1007,0
1192,3615,6,905,1
1192,2562,5,938,0
1192,2623,8,828,0
1192,3533,7,673,0
1193,3291,8,618,1
1193,1890,6,1065,1
1194,2275,7,1173,1
1194,2933,7,252,1
1195,1021,8,767,0
1195,3733,9,1231,1
1195,3723,9,948,1
1195,3873,9,33,1
1195,1887,7,1084,1
1195,391,9,1192,0
1196,2332,5,1183,1
1197,1113,8,386,0
1197,951,9,1113,0
1198,1358,8,1028,0
1198,1007,10,508,1
1199,125,7,1030,0
1199,1792,8,7,0
1199,2120,7,28,1
1200,2880,8,171,1
1200,108,7,409,0
1200,3171,9,40,0
1201,1264,9,759,0
1201,1969,9,540,1
1201,1285,8,835,0
1201,1012,7,1048,1
1202,2879,10,255,0
1204,1708,6,1034,1
1204,3702,10,932,1
1204,2467,6,875,1
1205,3954,10,513,1
1206,3462,10,143,1
1207,1112,10,723,0
1207,3980,10,537,1
1209,3062,7,430,0
1209,2452,8,317,0
1209,1227,7,548,0
1209,779,7,825,0
1210,1088,8,808,0
1212,2034,9,278,1
1216,654,10,232,1
1217,3125,10,753,1
1217,1638,8,643,1
1217,1605,10,1058,1
1217,1635,6,1182,1
1217,2047,10,924,1
1217,803,5,171,1
1217,471,10,1239,1
1217,2106,10,175,1
1219,1227,9,548,0
1219,563,10,290,1
1220,1035,10,676,0
1221,3500,10,673,0
1221,1742,9,1101,0
1223,1318,5,548,0
1223,2004,9,894,0
1223,2165,9,1307,1
1223,3620,7,1036,1
1224,1465,9,292,1
1225,2659,8,209,0
1225,867,10,938,0
1225,730,8,633,1
1225,460,8,368,0
1225,1837,9,794,0
1225,1675,5,243,0
1225,3743,8,552,0
1225,1160,8,1195,0
1226,3954,10,513,1
1228,290,5,119,1
1229,1305,8,263,1
1230,3099,5,576,1
1230,2082,5,539,1
1230,723,5,862,1
1230,2076,5,539,1
1230,2710,5,938,0
1230,2221,5,604,1
1231,2087,8,180,0
1231,1816,9,630,1
1232,1517,5,1256,1
1232,3268,6,1240,1
1233,471,9,1239,1
1234,661,9,1002,1
1234,2843,10,1054,0
1235,4028,5,528,1
1235,2238,10,239,0
1235,3961,10,517,1
1236,1992,7,278,1
1236,3340,3,1099,0
1236,2057,3,931,1
1236,2917,5,297,0
1236,1729,8,630,1
1236,2541,6,938,0
1236,2544,8,938,0
1236,442,5,136,1
1236,546,4,539,1
1236,937,4,580,1
1237,2202,9,1189,0
1237,391,10,1192,0
1237,2720,8,1189,0
1237,453,8,1262,0
1239,2597,6,938,0
1239,3652,8,1309,1
1239,2881,8,952,0
1239,604,8,862,1
1242,3205,6,1310,1
1242,3713,9,223,1
1243,1878,5,395,1
1244,3275,6,1315,1
1244,391,10,1192,0
1246,681,5,633,1
1247,3871,3,1031,1
1247,110,10,370,1
1247,3699,10,226,1
1247,1205,10,845,0
1247,3322,9,656,1
1249,1014,8,53,1
1249,460,7,368,0
1249,662,8,815,0
1249,3486,8,87,0
1249,3340,8,1099,0
1249,316,10,646,1
1250,2880,10,171,1
1251,709,9,825,0
1252,2835,9,922,1
1252,124,8,803,0
1252,2124,4,138,0
1256,3111,6,263,1
1257,1548,6,967,0
1257,1021,8,767,0
1257,1821,8,630,1
1257,1866,8,923,0
1257,2115,6,539,1
1259,2237,9,239,0
1259,259,10,697,0
1259,466,9,580,1
1260,1442,9,643,1
1260,2637,9,1225,0
1260,3476,7,576,1
1260,1003,7,144,1
1260,3030,8,1192,0
1260,848,7,507,1
1260,3814,9,785,0
1261,3621,5,421,1
1262,3974,10,733,1
1262,117,9,800,0
1262,3631,7,315,0
1262,454,7,601,1
1262,403,10,1317,0
1262,1436,6,966,0
1262,534,10,193,0
1262,573,5,68,0
1262,956,8,249,1
1264,2044,9,278,1
1264,3864,8,1123,0
1264,1120,9,615,0
1265,403,9,1317,0
1265,1146,8,923,0
1265,783,10,275,1
1265,3423,5,397,1
1265,1014,5,53,1
1265,446,10,602,1
1267,2480,5,1265,0
1267,3705,6,932,1
1267,394,5,1161,1
1267,2120,7,28,1
1267,777,9,314,0
1267,663,8,832,1
1267,3461,8,153,1
1268,992,9,214,1
1268,387,8,69,0
1268,984,7,723,0
1268,1012,8,1048,1
1268,1685,10,828,0
1271,315,9,646,1
1271,1358,9,1028,0
1272,752,10,280,1
1272,687,1,713,0
1273,1817,10,453,1
1273,932,7,653,1
1273,2627,9,453,1
1273,1321,3,835,0
1273,2957,10,292,1
1275,2130,10,931,1
1275,737,7,887,0
1275,1688,5,243,0
1275,1284,10,630,1
1275,1438,10,780,0
1275,1595,10,967,0
1275,1731,10,630,1
1275,2156,10,504,1
1275,1637,10,1082,1
1278,3417,10,1173,1
1278,837,10,1109,1
1279,3628,6,1180,1
1279,3060,7,1192,0
1279,803,5,171,1
1279,2208,5,1189,0
1280,2082,7,539,1
1280,1771,8,828,0
1280,1397,9,1159,0
1281,2977,10,475,0
1284,985,10,858,1
1284,3614,10,675,0
1285,1468,10,292,1
1286,1476,5,1173,1
1286,1734,10,254,0
1286,3470,8,864,0
1286,2435,8,920,1
1287,1548,8,967,0
1288,1897,9,353,0
1288,3844,8,1223,1
1288,618,9,1230,1
1289,798,10,83,0
1291,1589,7,1082,1
1291,3773,8,413,1
1291,3829,8,555,0
1291,259,5,697,0
1292,2577,9,938,0
1292,875,8,938,0
1292,871,8,938,0
1292,2570,9,938,0
1292,2547,8,938,0
1292,3869,9,682,0
1293,1594,8,643,1
1293,1539,7,292,1
1293,1473,7,1256,1
1293,646,7,83,0
1293,1480,9,292,1
1293,1532,9,643,1
1293,1500,9,292,1
1293,2927,5,1214,0
1293,1487,9,770,0
1293,1502,8,643,1
1293,1898,7,353,0
1293,1491,8,1082,1
1293,1690,10,1,0
1294,1440,8,938,0
1295,383,8,1055,1
1296,2572,7,316,0
1296,2064,8,278,1
1298,2909,6,1071,1
1299,3988,10,933,1
1299,3076,8,864,0
1299,1208,7,686,0
1299,3114,9,783,0
1299,1175,8,1195,0
1299,2980,1,721,0
1299,1161,7,1194,0
1299,3241,9,864,0
1299,3168,5,864,0
1300,466,10,580,1
1300,1962,9,1068,1
1301,1957,8,384,0
1302,537,10,554,0
1302,3477,10,520,0
1302,1206,10,186,0
1302,1305,10,263,1
1302,900,4,174,0
1302,616,10,1009,1
1304,699,7,887,0
1304,564,8,290,1
1304,86,8,1320,0
1304,3584,7,739,0
1305,3942,5,277,1
1307,3796,9,1252,1
1308,2374,7,828,0
1310,2380,5,173,0
1311,3980,9,537,1
1311,1286,10,505,1
1312,1328,10,851,1
1312,3879,9,33,1
1312,1100,10,221,1
1312,444,10,67,0
1312,2586,8,718,0
1313,3315,7,83,0
1314,417,10,1317,0
1314,1404,9,275,1
1314,3132,10,1173,1
1315,1473,8,1256,1
1315,1686,5,635,1
1315,1308,8,881,1
1316,543,7,68,0
1316,87,7,132,1
1316,1146,8,923,0
1316,681,9,633,1
1316,1500,7,292,1
1316,2035,1,539,1
1318,1518,9,1256,1
1318,1103,9,663,0
1318,1762,7,647,1
1318,2089,8,142,1
1318,1796,8,501,1
1318,1753,8,501,1
1318,1488,9,1256,1
1320,3202,6,1175,1
1321,826,8,164,0
1321,1745,9,630,1
1321,1539,8,292,1
1324,847,8,507,1
1324,1189,9,221,1
1325,3594,9,369,1
1325,1272,8,630,1
1326,54,10,894,0
1326,3619,10,651,1
1326,2517,7,1184,1
1326,3855,10,942,1
1328,2034,8,278,1
1328,156,10,1234,1
1328,3647,7,841,0
1328,3040,6,1173,1
1328,1780,8,930,1
1328,171,8,207,1
1328,1901,9,1268,1
1328,172,9,349,0
1328,1483,10,1256,1
1328,2660,9,857,1
1328,3524,7,1173,1
1328,1056,8,967,0
1328,1892,8,1056,1
1328,2517,7,1184,1
1329,848,9,507,1
1329,820,9,1061,1
1329,2833,8,743,0
1329,1497,5,643,1
1329,1192,9,353,0
1329,1974,7,924,1
1329,533,9,886,0
1329,2269,8,1173,1
1329,2998,5,475,0
1329,1901,9,1268,1
1330,3060,8,1192,0
1330,1997,6,1090,0
1330,2082,8,539,1
1330,3416,6,1173,1
1331,3654,3,522,0
1331,1720,5,630,1
1331,664,7,83,0
1331,1056,5,967,0
1332,1722,7,501,1
1333,2533,5,1184,1
1333,3756,8,823,0
1334,537,9,554,0
1334,3632,5,225,1
1335,2044,8,278,1
1335,2185,7,835,0
1335,3850,5,339,1
1335,942,10,76,0
1336,2459,10,1173,1
1336,3615,10,905,1
1336,3696,10,1189,0
1336,3940,10,513,1
1337,2667,8,330,0
1337,1094,9,386,0
1337,1811,6,64,1
1337,31,8,629,1
1337,2749,5,1189,0
1337,2545,7,304,1
1337,273,5,630,1
1337,2873,8,656,1
1337,1775,8,60,1
1338,514,5,585,0
1338,2480,9,1265,0
1341,3511,8,183,0
1342,1305,7,263,1
1342,1313,7,226,1
1343,2043,5,539,1
1343,1984,6,278,1
1343,1691,10,243,0
1344,3288,8,381,0
1344,713,8,825,0
1348,2015,8,539,1
1348,3857,8,440,1
1348,356,10,890,0
1348,1861,9,329,0
1348,1068,9,358,0
1349,1097,8,723,0
1350,873,8,938,0
1350,1050,8,717,0
1355,264,10,800,0
1355,2624,6,453,1
1355,792,6,75,0
1355,236,10,981,1
1356,3653,8,569,0
1356,2189,9,201,1
1356,1718,8,1127,0
1356,2950,7,484,0
1357,1420,10,1189,0
1357,1190,7,221,1
1358,1710,5,1239,1
1358,2647,5,1071,1
1358,45,5,135,1
1360,1111,7,300,1
1360,1771,10,828,0
1360,3155,10,321,1
1360,2248,8,619,1
1364,575,8,68,0
1365,126,10,981,1
1365,983,5,723,0
1365,2124,10,138,0
1366,1753,5,501,1
1367,4044,7,887,0
1368,1326,9,226,1
1369,617,9,15,0
1372,1218,10,221,1
1372,1539,6,292,1
1372,1796,8,501,1
1372,2324,6,887,0
1373,2292,10,1173,1
1373,1085,10,221,1
1373,1819,9,444,1
1373,3123,10,1173,1
1374,1207,10,686,0
1374,1187,9,686,0
1374,1116,8,615,0
1375,2461,9,1261,0
1376,1745,7,630,1
1376,3677,10,1063,1
1376,2240,7,245,1
1376,3632,8,225,1
1376,3126,9,1173,1
1376,2287,7,1173,1
1377,3280,10,83,0
1378,549,7,68,0
1378,402,6,899,0
1378,1300,8,226,1
1378,95,8,1030,0
1381,2982,10,484,0
1381,2951,10,484,0
1383,3963,8,29,1
1384,1277,8,1046,1
1384,122,8,1152,1
1384,646,7,83,0
1385,2136,6,1156,0
1386,3680,6,50,0
1387,3341,9,148,1
1387,1827,7,630,1
1387,3144,4,87,0
1388,2434,9,424,1
1388,2642,8,252,1
1388,3110,9,263,1
1388,3462,7,143,1
1388,1337,8,89,1
1389,3487,9,67,0
1390,679,10,280,1
1391,3680,10,50,0
1391,1548,9,967,0
1391,2944,10,802,0
1392,58,10,1030,0
1392,2406,10,437,1
1392,2555,10,316,0
1394,1827,10,630,1
1394,1541,10,1082,1
1397,3341,6,148,1
1397,376,10,777,1
1399,3662,9,1018,0
1400,713,8,825,0
1400,931,7,860,0
1400,3595,8,369,1
1401,3429,10,397,1
1401,3796,7,1252,1
1401,1742,10,1101,0
1402,1053,10,131,0
1402,31,5,629,1
1402,2342,5,1173,1
1402,3241,5,864,0
1405,2729,10,1314,1
1406,2751,3,638,1
1407,2497,8,810,0
1407,157,9,1234,1
1407,2093,7,539,1
1407,360,10,546,0
1408,3801,9,1252,1
1409,986,6,458,1
1409,1304,8,480,1
1409,1333,10,53,1
1409,464,10,843,0
1409,3022,9,659,1
1409,1293,9,877,1
1409,1110,8,300,1
1409,3432,10,397,1
1409,122,10,1152,1
1410,2290,10,726,1
1411,1763,9,243,0
1411,3639,7,324,1
1411,3461,9,153,1
1411,110,9,370,1
1412,1068,8,358,0
1413,1901,5,1268,1
1413,3639,7,324,1
1414,2440,8,205,1
1415,3531,7,880,1
1416,2082,10,539,1
1416,787,6,83,0
1417,301,10,410,1
1418,1212,9,615,0
1418,2074,9,931,1
1418,2952,9,475,0
1418,2584,10,938,0
1418,1177,10,789,0
1419,1209,10,706,0
1419,2979,10,745,0
1419,73,9,463,0
1419,2976,9,475,0
1419,1582,10,967,0
1419,2980,10,721,0
1420,2160,8,386,0
1420,2137,8,192,0
1420,772,7,507,1
1422,1305,8,263,1
1423,111,9,1128,0
1423,2692,7,237,0
1423,582,6,199,0
1423,3432,7,397,1
1423,384,7,766,0
1424,1894,9,1056,1
1424,609,9,1009,1
1424,2505,8,83,0
1424,2889,7,1151,0
1424,616,9,1009,1
1424,3847,5,1223,1
1424,1215,7,922,1
1424,1547,8,1256,1
1424,1536,9,1256,1
1425,1515,8,292,1
1426,1799,9,10,0
1426,1779,8,812,0
1428,1309,9,630,1
1429,1268,7,630,1
1429,1271,7,501,1
1430,1950,10,265,1
1431,3848,7,1134,1
1431,3791,7,137,1
1434,3144,6,87,0
1435,26,6,845,0
1437,3083,9,676,0
1440,2751,7,638,1
1442,450,5,263,1
1442,1616,5,589,0
1442,1598,5,1256,1
1442,1599,5,1256,1
1442,3127,5,576,1
1442,214,5,971,1
1442,1575,5,1256,1
1442,3212,5,229,1
1443,1725,9,945,0
1445,721,9,15,0
1446,2625,6,27,0
1448,1327,9,240,1
1448,437,8,473,1
1448,417,10,1317,0
1448,3741,6,1231,1
1449,667,5,825,0
1449,3871,1,1031,1
1451,7,8,184,0
1451,3142,7,755,1
1453,2794,10,328,0
1453,3873,8,33,1
1453,3625,5,1005,1
1453,1316,1,630,1
1453,2784,10,1214,0
1453,1796,5,501,1
1454,1714,8,828,0
1454,2470,8,1265,0
1454,103,9,298,0
1454,1289,6,474,1
1454,2476,7,1265,0
1454,812,8,846,0
1454,1889,9,79,0
1457,2098,8,886,0
1457,2952,8,475,0
1457,1935,7,924,1
1458,709,9,825,0
1458,2781,7,938,0
1458,3595,6,369,1
1458,1641,8,938,0
1458,1896,8,353,0
1458,2190,8,386,0
1458,2917,7,297,0
1459,1478,5,1173,1
1459,3183,5,864,0
1462,1630,7,292,1
1463,331,6,545,1
1463,383,10,1055,1
1464,3598,9,369,1
1464,4027,5,128,0
1465,600,9,423,1
1465,1461,10,1256,1
1465,3034,9,1173,1
1465,1373,9,1256,1
1465,2020,10,1008,0
1467,3210,10,286,1
1468,2731,9,1011,1
1469,155,9,1234,1
1469,1375,8,1256,1
1469,1608,6,1256,1
1469,3879,10,33,1
1472,1348,8,1063,1
1474,395,9,559,1
1474,3531,7,880,1
1474,3299,6,171,1
1474,3965,5,1045,1
1474,104,9,71,0
1474,1311,6,739,0
1476,361,10,546,0
1476,3675,8,256,0
1477,3055,5,1145,0
1477,1734,10,254,0
1478,1640,5,966,0
1478,543,10,68,0
1478,2282,5,614,1
1478,2292,9,1173,1
1479,1640,8,966,0
1480,2523,9,1184,1
1480,2267,10,1173,1
1480,692,10,79,0
1480,632,10,79,0
1480,616,10,1009,1
1480,3719,10,1069,1
1480,685,10,248,1
1480,626,10,1009,1
1482,3538,8,1173,1
1483,432,9,1051,1
1484,3548,5,1173,1
1484,2607,10,321,1
1484,1855,6,1078,1
1484,2603,10,321,1
1485,2422,10,775,0
1485,1156,9,615,0
1485,2839,9,1214,0
1485,1804,8,607,0
1486,1228,9,1239,1
1486,2202,9,1189,0
1486,2302,9,1173,1
1486,1295,8,166,1
1486,3528,9,576,1
1486,2343,10,1173,1
1486,3105,9,576,1
1486,2009,7,539,1
1486,2873,9,656,1
1487,662,10,815,0
1488,2124,10,138,0
1488,3871,1,1031,1
1488,2130,10,931,1
1489,1813,8,828,0
1489,1738,10,254,0
1492,3354,9,618,1
1494,2067,6,924,1
1494,3686,6,384,0
1494,1900,8,924,1
1495,3597,1,369,1
1496,837,9,1109,1
1496,2353,10,1173,1
1496,1882,10,395,1
1497,368,10,98,1
1498,3962,9,923,0
1498,3341,9,148,1
1498,3983,8,933,1
1498,1072,7,152,1
1499,537,6,554,0
1499,652,8,1011,1
1500,1095,9,300,1
1500,1284,8,630,1
1501,362,6,1238,1
1502,3410,6,1269,0
1503,1719,9,828,0
1503,1895,7,1009,1
1504,2227,6,644,1
1504,3727,8,1009,1
1504,149,8,994,1
1504,2185,8,835,0
1504,1497,8,643,1
1504,3944,7,513,1
1504,1496,7,292,1
1506,1,8,992,1
1507,843,7,633,1
1507,258,7,697,0
1507,1693,10,735,1
1508,96,9,404,0
1509,397,4,270,1
1509,1180,10,221,1
1511,2920,6,745,0
1511,2360,7,523,0
1511,826,8,164,0
1512,2124,9,138,0
1512,397,7,270,1
1512,3271,10,864,0
1512,933,10,39,0
1513,1753,8,501,1
1513,1951,8,1156,0
1513,3545,8,864,0
1513,44,8,621,1
1514,1693,3,735,1
1514,3746,6,948,1
1515,439,8,408,0
1515,2667,10,330,0
1516,684,6,79,0
1516,471,7,1239,1
1516,1136,4,615,0
1516,634,8,754,1
1516,742,6,871,0
1518,2074,10,931,1
1519,265,5,486,0
1519,1323,6,512,0
1520,926,6,294,0
1521,2380,3,173,0
1523,1078,7,604,1
1523,1779,7,812,0
1524,3707,8,671,0
1524,110,7,370,1
1524,1452,9,1303,1
1525,19,9,1023,0
1525,30,8,217,0
1525,67,8,1229,0
1525,1173,5,1195,0
1525,2423,9,227,0
1525,995,8,125,1
1526,3807,8,1252,1
1526,2108,7,539,1
1526,1851,8,811,0
1526,2406,8,437,1
1527,1773,10,1097,0
1527,604,9,862,1
1528,464,10,843,0
1528,831,8,1264,0
1530,110,9,370,1
1530,1871,7,202,0
1530,2581,7,780,0
1531,2131,6,1079,1
1532,1100,6,221,1
1532,3292,10,1046,1
1532,87,6,132,1
1532,3199,7,230,1
1534,435,9,408,0
1534,3766,8,413,1
1534,1473,8,1256,1
1535,1461,9,1256,1
1536,543,9,68,0
1537,3498,7,834,1
1538,779,9,825,0
1538,737,8,887,0
1538,488,7,1166,1
1539,691,5,1268,1
1539,995,8,125,1
1540,3239,5,322,1
1540,2887,7,922,1
1540,453,9,1262,0
1541,2865,5,741,0
1541,1249,8,39,0
1542,2317,7,1173,1
1542,1711,10,1239,1
1542,1811,3,64,1
1543,798,6,83,0
1544,1753,9,501,1
1545,3595,4,369,1
1545,2121,9,580,1
1545,95,6,1030,0
1547,1281,7,652,1
1547,584,5,539,1
1547,2477,9,215,1
1548,2804,8,1044,1
1548,1769,6,27,0
1549,2593,8,219,0
1550,2323,5,1224,0
1551,1286,8,505,1
1551,3359,8,283,1
1554,2663,7,205,1
1554,3256,10,633,1
1554,455,8,368,0
1555,1474,6,292,1
1555,995,6,125,1
1555,3712,10,948,1
1555,1880,8,79,0
1555,2428,9,848,0
1555,1954,9,838,0
1556,1491,6,1082,1
1556,2978,10,252,1
1557,1460,10,1173,1
1557,3974,10,733,1
1558,3836,10,932,1
1558,3702,10,932,1
1558,459,10,313,0
1558,1816,6,630,1
1558,646,8,83,0
1560,3077,4,864,0
1560,3878,9,246,1
1560,3869,8,682,0
1560,3485,9,87,0
1560,3416,8,1173,1
1560,3680,9,50,0
1560,3871,2,1031,1
1560,3410,7,1269,0
1561,3471,7,1173,1
1562,3658,8,772,1
1562,394,9,1161,1
1562,1317,10,853,1
1563,406,9,1268,1
1564,2278,9,1173,1
1564,3538,6,1173,1
1564,3124,10,1173,1
1567,2470,9,1265,0
1567,434,8,322,1
1569,913,5,938,0
1569,2528,5,938,0
1569,1187,5,686,0
1569,2597,5,938,0
1569,917,5,938,0
1569,2549,5,938,0
1569,1983,5,931,1
1569,3817,5,219,0
1570,1805,10,630,1
1570,3326,5,1027,0
1571,2631,9,610,0
1572,245,9,760,0
1572,3525,8,1173,1
1572,104,9,71,0
1572,982,6,377,1
1572,2622,9,726,1
1572,2368,6,1227,0
1572,466,7,580,1
1573,2045,4,931,1
1574,1223,10,1173,1
1574,815,10,79,0
1574,1121,10,615,0
1574,3046,10,1173,1
1574,3220,10,1072,1
1574,650,10,79,0
1574,725,10,79,0
1574,1134,10,615,0
1574,3842,6,1223,1
1574,971,10,1173,1
1576,2878,8,328,0
1576,3697,10,690,0
1576,1627,7,966,0
1576,2216,10,1189,0
1576,1750,10,75,0
1576,2067,8,924,1
1577,2061,6,886,0
1579,1851,8,811,0
1579,1898,10,353,0
1579,1065,8,102,1
1580,664,7,83,0
1580,2620,8,1265,0
1581,1324,9,474,1
1581,1220,9,923,0
1581,1693,9,735,1
1581,2713,10,1221,1
1582,3031,9,559,1
1582,941,9,919,0
1582,3874,8,33,1
1583,3518,8,612,0
1584,1281,9,652,1
1584,2073,10,278,1
1584,2896,9,741,0
1584,2480,6,1265,0
1584,1476,9,1173,1
1586,1534,7,292,1
1588,3589,8,294,0
1589,3092,5,1049,1
